<?xml version="1.0" encoding="UTF-8"?>
<project-private xmlns="http://www.netbeans.org/ns/project-private/1">
    <editor-bookmarks xmlns="http://www.netbeans.org/ns/editor-bookmarks/2" lastBookmarkId="0"/>
    <open-files xmlns="http://www.netbeans.org/ns/projectui-open-files/2">
        <group>
            <file>file:/D:/Tel%20U%20Jakarta/Semester%203/PBO/Praktikum/Tubes/src/tubes/Login_tubes.java</file>
            <file>file:/D:/Tel%20U%20Jakarta/Semester%203/PBO/Praktikum/Tubes/src/tubes/Tubes.java</file>
            <file>file:/D:/Tel%20U%20Jakarta/Semester%203/PBO/Praktikum/Tubes/src/tubes/Invoice.java</file>
            <file>file:/D:/Tel%20U%20Jakarta/Semester%203/PBO/Praktikum/Tubes/src/tubes/Koneksi.java</file>
            <file>file:/D:/Tel%20U%20Jakarta/Semester%203/PBO/Praktikum/Tubes/src/tubes/Regis2.java</file>
            <file>file:/D:/Tel%20U%20Jakarta/Semester%203/PBO/Praktikum/Tubes/src/tubes/InputBarang.java</file>
        </group>
    </open-files>
</project-private>
